{
  "_buildCommand2" : {
    "command" : "prepareForIndexing",
    "enableIndexBuildArena" : false,
    "targets" : null
  },
  "buildCommand" : "build",
  "configuredTargets" : [
    {
      "guid" : "c5cb00f4080f5a023d80d8ab47d089125715d1289f4f9b44ce74ab6970e8298b"
    }
  ],
  "containerPath" : "/Users/abdelaziz/Desktop/build-MuslimReminder-Qt_6_3_0_for_iOS-Release/Muslim Reminder.xcodeproj",
  "continueBuildingAfterErrors" : true,
  "enableIndexBuildArena" : false,
  "hideShellScriptEnvironment" : false,
  "parameters" : {
    "action" : "build",
    "activeArchitecture" : "x86_64",
    "activeRunDestination" : {
      "disableOnlyActiveArch" : false,
      "platform" : "iphonesimulator",
      "sdk" : "iphonesimulator15.4",
      "sdkVariant" : "iphonesimulator",
      "supportedArchitectures" : [
        "x86_64"
      ],
      "targetArchitecture" : "x86_64"
    },
    "arenaInfo" : {
      "buildIntermediatesPath" : "",
      "buildProductsPath" : "",
      "derivedDataPath" : "/Users/abdelaziz/Library/Developer/Xcode/DerivedData",
      "indexDataStoreFolderPath" : "/Users/abdelaziz/Library/Developer/Xcode/DerivedData/Muslim_Reminder-drinyiqaamvlrdcgnrbdvbshawtb/Index/DataStore",
      "indexEnableDataStore" : true,
      "indexPCHPath" : "/Users/abdelaziz/Library/Developer/Xcode/DerivedData/Muslim_Reminder-drinyiqaamvlrdcgnrbdvbshawtb/Index/PrecompiledHeaders",
      "pchPath" : ""
    },
    "configurationName" : "Debug",
    "overrides" : {
      "synthesized" : {
        "table" : {
          "ASSETCATALOG_FILTER_FOR_DEVICE_MODEL" : "iPod9,1",
          "ASSETCATALOG_FILTER_FOR_DEVICE_OS_VERSION" : "15.4",
          "BUILD_ACTIVE_RESOURCES_ONLY" : "YES",
          "ENABLE_PREVIEWS" : "NO",
          "TARGET_DEVICE_IDENTIFIER" : "8081B69D-352F-430A-B8A2-F2F1E4B8AB83",
          "TARGET_DEVICE_MODEL" : "iPod9,1",
          "TARGET_DEVICE_OS_VERSION" : "15.4",
          "TARGET_DEVICE_PLATFORM_NAME" : "iphonesimulator"
        }
      }
    }
  },
  "schemeCommand" : "launch",
  "schemeCommand2" : "launch",
  "shouldCollectMetrics" : false,
  "showNonLoggedProgress" : true,
  "useDryRun" : false,
  "useImplicitDependencies" : true,
  "useLegacyBuildLocations" : false,
  "useParallelTargets" : true
}