{
  "_buildCommand2" : {
    "command" : "build",
    "skipDependencies" : false,
    "style" : "buildOnly"
  },
  "buildCommand" : "build",
  "configuredTargets" : [
    {
      "guid" : "b5801acc5ec443aee323ec8238379bbc5715d1289f4f9b44ce74ab6970e8298b"
    }
  ],
  "containerPath" : "/Users/abdelaziz/Desktop/build-MuslimReminder-Qt_6_3_0_for_iOS-Release/MuslimReminder.xcodeproj",
  "continueBuildingAfterErrors" : false,
  "enableIndexBuildArena" : false,
  "hideShellScriptEnvironment" : false,
  "parameters" : {
    "action" : "build",
    "activeArchitecture" : "arm64e",
    "activeRunDestination" : {
      "disableOnlyActiveArch" : true,
      "platform" : "iphoneos",
      "sdk" : "iphoneos15.4",
      "sdkVariant" : "iphoneos",
      "supportedArchitectures" : [
        "armv4t",
        "armv5",
        "armv6",
        "armv7",
        "armv7f",
        "armv7s",
        "armv7k",
        "arm64",
        "arm64e"
      ],
      "targetArchitecture" : "arm64e"
    },
    "arenaInfo" : {
      "buildIntermediatesPath" : "",
      "buildProductsPath" : "",
      "derivedDataPath" : "/Users/abdelaziz/Library/Developer/Xcode/DerivedData",
      "indexDataStoreFolderPath" : "/Users/abdelaziz/Library/Developer/Xcode/DerivedData/MuslimReminder-ewmjmhmsqlorzdbdlnnnphrqbxex/Index/DataStore",
      "indexEnableDataStore" : true,
      "indexPCHPath" : "/Users/abdelaziz/Library/Developer/Xcode/DerivedData/MuslimReminder-ewmjmhmsqlorzdbdlnnnphrqbxex/Index/PrecompiledHeaders",
      "pchPath" : ""
    },
    "configurationName" : "Release",
    "overrides" : {
      "commandLine" : {
        "table" : {
          "ENABLE_ONLY_ACTIVE_RESOURCES" : "NO"
        }
      },
      "synthesized" : {
        "table" : {
          "ACTION" : "build",
          "ENABLE_PREVIEWS" : "NO"
        }
      }
    }
  },
  "schemeCommand" : "launch",
  "schemeCommand2" : "launch",
  "shouldCollectMetrics" : false,
  "showNonLoggedProgress" : true,
  "useDryRun" : false,
  "useImplicitDependencies" : true,
  "useLegacyBuildLocations" : false,
  "useParallelTargets" : true
}